{
    "num_iter": 8,
    "num_epoch": 13,
    "alpha1": 0.8441259307379171,
    "alpha2": 0.6989752957059422,
    "gamma": 0.03445142957980907
}